-- Adminer 5.4.1 PostgreSQL 16.10 dump

DROP DATABASE IF EXISTS "app";
CREATE DATABASE "app";
\connect "app";

DROP TABLE IF EXISTS "argomento";
CREATE TABLE "public"."argomento" (
    "id" integer DEFAULT GENERATED BY DEFAULT AS IDENTITY NOT NULL,
    "nome_argomento" character varying(110) NOT NULL,
    "descrizione" character varying(255) NOT NULL,
    CONSTRAINT "argomento_pkey" PRIMARY KEY ("id")
)
WITH (oids = false);

CREATE UNIQUE INDEX uniq_4d9a4a9ccb8c786e ON public.argomento USING btree (nome_argomento);

INSERT INTO "argomento" ("id", "nome_argomento", "descrizione") VALUES
(16,	'Le Piante e la Fotosintesi',	'La fotosintesi è il processo con cui le piante trasformano luce, acqua e anidride carbonica in ossigeno e zuccheri, permettendo loro di crescere e sostenere la vita sulla Terra.'),
(19,	'Personaggi Iconici dei Videogiochi',	'I personaggi iconici dei videogiochi hanno definito intere generazioni, diventando simboli riconoscibili e protagonisti di saghe che hanno influenzato la cultura pop e l’evoluzione del medium videoludico.'),
(20,	'Tradizioni e Feste Italiane',	'Le tradizioni e le feste italiane riflettono la storia e la cultura del Paese, con celebrazioni che variano da regione a regione e includono riti popolari, eventi religiosi, maschere, musica e piatti tipici.'),
(21,	'Concetti Base della Programmazione',	'La programmazione consiste nel creare istruzioni che un computer può eseguire. I concetti fondamentali includono variabili, cicli, condizioni e funzioni, che permettono di costruire programmi semplici e complessi.'),
(27,	'Argomento vuoto',	'Argomento senza domande'),
(17,	'Storia del Cinema Italiano',	'Il cinema italiano ha influenzato profondamente la cultura mondiale, passando dal Neorealismo ai grandi autori come Fellini e De Sica, fino alle produzioni contemporanee che continuano a rinnovarne lo stile.'),
(33,	'Test orderBy',	'test orderBy');

DROP TABLE IF EXISTS "doctrine_migration_versions";
CREATE TABLE "public"."doctrine_migration_versions" (
    "version" character varying(191) NOT NULL,
    "executed_at" timestamp(0),
    "execution_time" integer,
    CONSTRAINT "doctrine_migration_versions_pkey" PRIMARY KEY ("version")
)
WITH (oids = false);

INSERT INTO "doctrine_migration_versions" ("version", "executed_at", "execution_time") VALUES
('DoctrineMigrations\Version20260109083429',	'2026-01-09 08:35:58',	104),
('DoctrineMigrations\Version20260109092007',	'2026-01-09 09:21:49',	22),
('DoctrineMigrations\Version20260109135307',	'2026-01-09 14:16:53',	18),
('DoctrineMigrations\Version20260109141621',	'2026-01-09 14:20:45',	26),
('DoctrineMigrations\Version20260112085227',	'2026-01-12 08:54:23',	9),
('DoctrineMigrations\Version20260114103054',	'2026-01-14 10:31:41',	24);

DROP TABLE IF EXISTS "domanda";
CREATE TABLE "public"."domanda" (
    "id" integer DEFAULT GENERATED BY DEFAULT AS IDENTITY NOT NULL,
    "testo_domanda" character varying(255) NOT NULL,
    "argomento_id" integer NOT NULL,
    CONSTRAINT "domanda_pkey" PRIMARY KEY ("id")
)
WITH (oids = false);

CREATE INDEX idx_806230da8804593c ON public.domanda USING btree (argomento_id);

INSERT INTO "domanda" ("id", "testo_domanda", "argomento_id") VALUES
(18,	'Quale elemento è indispensabile per la fotosintesi?',	16),
(19,	'Dove avviene principalmente la fotosintesi nelle piante?',	16),
(20,	'Quale gas viene rilasciato dalle piante durante la fotosintesi?',	16),
(21,	'Quale parte della cellula vegetale contiene la clorofilla?',	16),
(22,	'Quale movimento cinematografico italiano nacque dopo la Seconda Guerra Mondiale?',	17),
(23,	'Quale film è stato diretto da Federico Fellini?',	17),
(24,	'Quale caratteristica distingue la “commedia all’italiana”?',	17),
(26,	'Quale personaggio è la mascotte storica di Nintendo?',	19),
(27,	'Quale personaggio è noto come cacciatrice di taglie spaziale?',	19),
(28,	'Chi è il protagonista della serie The Witcher?',	19),
(29,	'Quale personaggio è famoso per la sua lotta contro i robot in Mega Man?',	19),
(30,	'Quale personaggio è il volto principale della serie Halo?',	19),
(31,	'Quale festa italiana è famosa per le maschere e i costumi?',	20),
(32,	'Quale celebrazione segna l’inizio del nuovo anno?',	20),
(33,	'Quali elementi caratterizzano spesso le sagre italiane?',	20),
(34,	'Quale evento è noto per la storica corsa di cavalli in Toscana?',	20),
(35,	'Cosa rappresenta una variabile in un programma?',	21),
(36,	'Quale istruzione permette di ripetere un’azione più volte?',	21),
(37,	'Cosa fa una funzione in un programma?',	21),
(38,	'Quali elementi possono essere considerati tipi di dato comuni?',	21),
(39,	'Cosa indica il termine “debug”?',	21);

DROP TABLE IF EXISTS "risposta";
CREATE TABLE "public"."risposta" (
    "id" integer DEFAULT GENERATED BY DEFAULT AS IDENTITY NOT NULL,
    "testo_risposta" character varying(255) NOT NULL,
    "punteggio" integer NOT NULL,
    "domanda_id" integer NOT NULL,
    CONSTRAINT "risposta_pkey" PRIMARY KEY ("id")
)
WITH (oids = false);

CREATE INDEX idx_a50903729aa543d1 ON public.risposta USING btree (domanda_id);

INSERT INTO "risposta" ("id", "testo_risposta", "punteggio", "domanda_id") VALUES
(76,	'Metano.',	0,	20),
(134,	'Un contenitore di dati.',	1,	35),
(135,	'Un errore del codice.',	0,	35),
(136,	'Un file audio.',	0,	35),
(66,	'Luce Solare.',	1,	18),
(67,	'Anidride Carbonica.',	1,	18),
(68,	'Acqua.',	1,	18),
(69,	'Vento.',	0,	18),
(70,	'Nelle radici.',	0,	19),
(71,	'Nei fiori.',	0,	19),
(72,	'Nelle foglie.',	1,	19),
(73,	'Nel fusto.',	0,	19),
(74,	'Ossigeno.',	1,	20),
(75,	'Azoto.',	0,	20),
(77,	'Elio.',	0,	20),
(78,	'Mitocondri.',	0,	21),
(79,	'Cloroplasti.',	1,	21),
(80,	'Nucleo.',	0,	21),
(81,	'Vacuoli.',	0,	21),
(82,	'Neorealismo.',	1,	22),
(83,	'Futurismo.',	0,	22),
(84,	'Commedia all’italiana.',	0,	22),
(85,	'Spaghetti western.',	0,	22),
(86,	'La dolce vita.',	1,	23),
(87,	'Il Padrino.',	0,	23),
(88,	'Amarcord.',	1,	23),
(89,	'Casablanca.',	0,	23),
(90,	'Uso di effetti speciali.',	0,	24),
(91,	'Tono leggero ma con critica sociale.',	1,	24),
(92,	'Ambientazioni futuristiche.',	0,	24),
(93,	'Solo attori non professionisti.',	0,	24),
(98,	'Crash Bandicoot.',	0,	26),
(99,	'Sonic.',	0,	26),
(100,	'Mario.',	1,	26),
(101,	'Rayman.',	0,	26),
(102,	'Samus Aran.',	1,	27),
(103,	'Lara Croft.',	0,	27),
(104,	'Jill Valentine.',	0,	27),
(105,	'Aloy.',	0,	27),
(106,	'Geralt di Rivia.',	1,	28),
(107,	'Ezio Auditore.',	0,	28),
(108,	'Gordon Freeman.',	0,	28),
(109,	'Arthur Morgan.',	0,	28),
(110,	'Mega Man (Rockman).',	1,	29),
(111,	'Ryu.',	0,	29),
(112,	'Link.',	0,	29),
(113,	'Sly Cooper.',	0,	29),
(114,	'Marcus Fenix.',	0,	30),
(115,	'Master Chief.',	1,	30),
(116,	'Isaac Clarke.',	0,	30),
(117,	'Sam Fisher.',	0,	30),
(118,	'Carnevale di Venezia.',	1,	31),
(119,	'Ferragosto.',	0,	31),
(120,	'Festa della Repubblica.',	0,	31),
(121,	'San Martino.',	0,	31),
(122,	'Capodanno.',	1,	32),
(123,	'San Gennaro.',	0,	32),
(124,	'Sant’Ambrogio.',	0,	32),
(125,	'Palio di Siena.',	0,	32),
(126,	'Piatti tipici locali.',	1,	33),
(127,	'Musica dal vivo.',	1,	33),
(128,	'Esami scolastici.',	0,	33),
(129,	'Gare automobilistiche.',	0,	33),
(130,	'Palio di Siena.',	1,	34),
(131,	'Regata Storica.',	0,	34),
(132,	'Notte della Taranta.',	0,	34),
(133,	'Festa del Redentore.',	0,	34),
(137,	'Una finestra grafica.',	0,	35),
(138,	'Ciclo.',	1,	36),
(139,	'Commento.',	0,	36),
(140,	'Icona.',	0,	36),
(141,	'Libreria.',	0,	36),
(142,	'Raggruppa istruzioni per svolgere un compito specifico.',	1,	37),
(143,	'Apre automaticamente un browser.',	0,	37),
(144,	'Spegne il computer.',	0,	37),
(145,	'Riproduce musica.',	0,	37),
(146,	'Numeri interi (int).',	1,	38),
(147,	'Testi (string).',	1,	38),
(148,	'Valori booleani (true/false).',	1,	38),
(149,	'Icone grafiche.',	0,	38),
(150,	'La ricerca e correzione degli errori nel codice',	1,	39),
(151,	'L’installazione di nuovi programmi',	0,	39),
(152,	'La creazione di file musicali.',	0,	39),
(153,	'L’aggiornamento del sistema operativo.',	0,	39);

DROP TABLE IF EXISTS "utente";
CREATE TABLE "public"."utente" (
    "id" integer DEFAULT GENERATED BY DEFAULT AS IDENTITY NOT NULL,
    "username" character varying(30) NOT NULL,
    "email" character varying(180) NOT NULL,
    "roles" json NOT NULL,
    "password" character varying(255) NOT NULL,
    CONSTRAINT "utente_pkey" PRIMARY KEY ("id")
)
WITH (oids = false);

CREATE UNIQUE INDEX uniq_de45b3e0e7927c74 ON public.utente USING btree (email);

CREATE UNIQUE INDEX uniq_identifier_username ON public.utente USING btree (username);

INSERT INTO "utente" ("id", "username", "email", "roles", "password") VALUES
(1,	'User1',	'u1@mail.com',	'[]',	'$2y$13$bqq0GtAuJScgB6N2gvZzkuxOaunZ4fBUUT3LT0hRXyoozudnN2tii'),
(2,	'Admin1',	'es.admin1@mail.com',	'["ROLE_ADMIN"]',	'$2y$13$E.UHTTDZb9Qkdu9Cwyn0ReENvcRt62/uKH9rRl1Kd65NOy9XzG8t2');

ALTER TABLE ONLY "public"."domanda" ADD CONSTRAINT "fk_806230da8804593c" FOREIGN KEY (argomento_id) REFERENCES argomento(id) NOT DEFERRABLE;

ALTER TABLE ONLY "public"."risposta" ADD CONSTRAINT "fk_a50903729aa543d1" FOREIGN KEY (domanda_id) REFERENCES domanda(id) NOT DEFERRABLE;

-- 2026-01-22 16:02:25 UTC
